,SFO,LHR,LOS
ANU,1292.7333333333333,577.0,3201.133333333333
SIN,724.6666666666666,864.9333333333333,1265.8666666666666
BCN,592.0,136.4,747.3333333333334
