,SFO,LHR,LOS
ANU,16.066666666666666,8.0,33.2
SIN,24.7,19.1,24.3
BCN,22.1,2.3,13.366666666666667
